husband,vacation,July,July
things,resort
Everyone,smile,face
language,course,plus
flight,USA,time,airport,bus,problem
ride,bumpy,part,adventure
reviews,poverty,homes,resort,peoples,homes
Secrets,Mimosa,check-in
lunch,restaurant,shrimp
tips,book,everything
Horseback,riding
pictures,couples,fotos
week,restaurant,basis,table
food,husband,lbs,food,drinks
Benjamin,bar,tenders
jokes
Nicolas,front,desk,manager,way
bug,spray,luggage,airport,thank,staff,beach,dinner,Highly,tipping,people,salary,someone,anything,stay,Secrets
