complaints	room	
bathroom	living	room	.it	everything	
fine	rooms	
room	ability	pillows	
furniture	decor	room	contrast	furniture	mattress	sleep	night	
room	sofas	table	
rooms	
rooms	view	ocean	city	
room	apartment	room	
working	fireplace	room	guests	
chair	reading	lamp	
windows	playground	courtyard	stay	
elevator	thing	
panel	unit	
bathroom	
window	
needs	flight	room	heart	sank	
poky	
smoking	room	room	smelt	smoke	
bed	smell	tabacco	
room	suitcases	
balcony/lanai	
rust	paint	
lent	bars	
room	room	
lobby	way	room	room	room	marble	bathroom	reminiscent	bathroom	hotel	russie	rome	
problem	shower	
shower	curtain	glass	panel	water	place	count	figure	flood	bathroom	towels	
meant	beds	website	room	elevators	bed	
bed	wall	room	hostel	college	days	
room	holes	wall	sockets	wall	holes	cigarette	burns	bedding	fuse	box	cover	kids	boyfriend	wardrobe	something	runners	
sheets	baby	arse	
rooms	size	paris	
rooms	front	pantheon	noisy	night	sleeping	problem	
room	brick	wall	sunlight	
room	amenities	shades	deck	dvd	screen	tvs.it	joie	
furniture	room	
deluxe	room	balcony	
room	rooms	furniture	balcony	
corner	room	greenery	area	
room	room	
small/handicap	room	
room	view	boston	bathroom	sleeping	beds	
coffee	maker	starbucks	room	
grounds	view	room	
sink	day	night	
time	fan	nights	issue	
room	back	hotel	light	outside	
beds	
beds	hotel	rating	
word	caution	sleepers	hotel	train	tracks	times	noise	room	
hotel	king	size	balcony	room	floor	floor	views	gate	way	bay	bridge	
room	room	concierge	lounge	access	floor	
bathroom	bed	balcony	chairs	table	
room	beds	lots	towels	room	amenities	room	
suites	palazzo	period	artwork	
thing	set	earplugs	room	differnce	world	
room	end	cream	lotion	dont	use	dollars	bottle	
plasma	screen	bathroom	floors	counters	shower	candles	room	comfy	bed	
hotel	corner	road	noise	
matter	suites	stay	shortcomings	
bugs	room	
garden	view	rooms	view	view	air	unit	something	resorts	
someone	carpets	shabby	shabby	scent	
sheet	beds	room	relet	
someone	elses	change	bits	bedspread	sheets	
downside	bit	views	
bulbs	windows	
laminate	floorboards	
bugs	room	
doctor	beds	bedding	
pipes	outside	bloque	sewage	days	
count	times	water	night	water	middle	shower	
hotel	kitchen	family	
everything	room	lighting	fixtures	bed	thread	count	sheets	granite	something	granite	counters	kitchen	bath	work	desk	table	bathroom	panel	degrees	room	temperature	settings	kitchen	appliances	kitchenware	stuff	
super	home	home	
complaint	door	gap	bottom	door	noise	room	
bathroom	way	shower	shower	curtains	need	water	morining	cleaning	lady	summary	beaches	sandals	all-inclusives	
room	
front	rooms	cos	glass	windows	street	doors	people	staff	
problem	door	room	
rooms	offer	everything	comfy	stay	
rooms	glass	doors	way	mosquitos	
room	
art	walls	nothing	
bathroom	
city	skyscrapers	hotel	rooms	view	
hotels	rooms	
fine	rooms	
bathrobe	room	women	business	baggage	light	
complaints	room	
bathroom	living	room	.it	everything	
villa	ixora	place	
furniture	decor	room	contrast	furniture	mattress	sleep	night	
room	sofas	table	
rooms	
furniture	
working	fireplace	room	guests	
chair	reading	lamp	
windows	playground	courtyard	stay	
elevator	thing	
panel	unit	
area	couch	w/o	problems	feet	/152cm	tall	room	food	
bathroom	
window	
needs	flight	room	heart	sank	
poky	
smoking	room	room	smelt	smoke	
bed	smell	tabacco	
room	suitcases	
room	upgrade	
room	
experience	
room	room	
lobby	way	room	room	room	marble	bathroom	reminiscent	bathroom	hotel	russie	rome	
bathroom	part	hotel	room	room	estate	bathroom	
people	bathroom	
problem	shower	
shower	curtain	glass	panel	water	place	count	figure	flood	bathroom	towels	
meant	beds	website	room	elevators	bed	
size	bed	twin	
bed	wall	room	hostel	college	days	
room	
room	holes	wall	sockets	wall	holes	cigarette	burns	bedding	fuse	box	cover	kids	boyfriend	wardrobe	something	runners	
sheets	baby	arse	
rooms	size	paris	
rooms	front	pantheon	noisy	night	sleeping	problem	
room	brick	wall	sunlight	
rooms	weekend	
room	amenities	shades	deck	dvd	screen	tvs.it	joie	
roll	room	
furniture	room	
roll	sheet	blanket	
room	rooms	furniture	balcony	
time	room	club	floor	room	visit	
corner	room	greenery	area	
time	dec	club	room	
room	room	
small/handicap	room	
room	view	boston	bathroom	sleeping	beds	
coffee	maker	starbucks	room	
sink	day	night	
time	fan	nights	issue	
room	back	hotel	light	outside	
beds	
beds	hotel	rating	
hotel	king	size	balcony	room	floor	floor	views	gate	way	bay	bridge	
room	room	concierge	lounge	access	floor	
bathroom	bed	balcony	chairs	table	
room	beds	lots	towels	room	amenities	room	
room	someone	clothes	room	
attempt	room	shabby	carpark	bathroom	
suites	palazzo	period	artwork	
lighting	room	humidity	jar	scent	bed	bath	moisture	
money	suites	nicer	bathrooms	buildings	hotel	
room	retro	feel	
plasma	screen	bathroom	floors	counters	shower	candles	room	comfy	bed	
matter	suites	stay	shortcomings	
bugs	room	
garden	view	rooms	view	view	air	unit	something	resorts	
room	day	
count	times	water	night	water	middle	shower	
everything	room	lighting	fixtures	bed	thread	count	sheets	granite	something	granite	counters	kitchen	bath	work	desk	table	bathroom	panel	degrees	room	temperature	settings	kitchen	appliances	kitchenware	stuff	
super	home	home	
complaint	door	gap	bottom	door	noise	room	
note	beach	towels	room	shower	
bathroom	way	shower	shower	curtains	need	water	morining	cleaning	lady	summary	beaches	sandals	all-inclusives	
room	
problem	door	room	
rooms	glass	doors	way	mosquitos	
luggage	
space	
room	
art	walls	nothing	
bathroom	
planning	towel	shower	
towels	toilet	reach	walk	shower	
hotels	rooms	
fine	rooms	
room	ability	pillows	
bathrobe	room	women	business	baggage	light	
complaints	room	
bathroom	living	room	.it	everything	
furniture	decor	room	contrast	furniture	mattress	sleep	night	
room	sofas	table	
home	
rooms	
rooms	view	ocean	city	
room	apartment	room	
furniture	
working	fireplace	room	guests	
chair	reading	lamp	
windows	playground	courtyard	stay	
elevator	thing	
panel	unit	
area	couch	w/o	problems	feet	/152cm	tall	room	food	
bathroom	
window	
needs	flight	room	heart	sank	
poky	
bed	smell	tabacco	
room	suitcases	
balcony/lanai	
rust	paint	
lent	bars	
desk	clerk	room	amsterdam	needs	room	amenities	shower	w/cable	
room	room	
lobby	way	room	room	room	marble	bathroom	reminiscent	bathroom	hotel	russie	rome	
people	bathroom	
problem	shower	
nacciones	room	
meant	beds	website	room	elevators	bed	
size	bed	twin	
bed	wall	room	hostel	college	days	
room	
room	holes	wall	sockets	wall	holes	cigarette	burns	bedding	fuse	box	cover	kids	boyfriend	wardrobe	something	runners	
sheets	baby	arse	
rooms	size	paris	
room	brick	wall	sunlight	
room	amenities	shades	deck	dvd	screen	tvs.it	joie	
furniture	room	
roll	sheet	blanket	
duvet	
room	room	
room	view	boston	bathroom	sleeping	beds	
coffee	maker	starbucks	room	
room	back	hotel	light	outside	
beds	
beds	hotel	rating	
word	caution	sleepers	hotel	train	tracks	times	noise	room	
hotel	king	size	balcony	room	floor	floor	views	gate	way	bay	bridge	
bathroom	bed	balcony	chairs	table	
room	beds	lots	towels	room	amenities	room	
arrival	room	beach	block	minute	walk	reception	waterfront	
attempt	room	shabby	carpark	bathroom	
suites	palazzo	period	artwork	
lighting	room	humidity	jar	scent	bed	bath	moisture	
s.f	
august	season	street	floors	bay	
expectation	view	cause	floor	ware	
room	retro	feel	
plasma	screen	bathroom	floors	counters	shower	candles	room	comfy	bed	
hotel	corner	road	noise	
garden	view	rooms	view	view	air	unit	something	resorts	
room	day	
room	flight	stairs	
hotel	kitchen	family	
studio	room	floor	view	tower	
everything	room	lighting	fixtures	bed	thread	count	sheets	granite	something	granite	counters	kitchen	bath	work	desk	table	bathroom	panel	degrees	room	temperature	settings	kitchen	appliances	kitchenware	stuff	
super	home	home	
complaint	door	gap	bottom	door	noise	room	
room	
front	rooms	cos	glass	windows	street	doors	people	staff	
problem	door	room	
rooms	offer	everything	comfy	stay	
rooms	glass	doors	way	mosquitos	
luggage	
space	
room	
art	walls	nothing	
bathroom	
planning	towel	shower	
towels	toilet	reach	walk	shower	
city	skyscrapers	hotel	rooms	view	
hotels	rooms	
bathrooms	
